':id',':title',':performer_id'
'0','"Album 0 title"','32'
'1','"Album 1 title"','20'
'2','"Album 2 title"','34'
'3','"Album 3 title"','19'
'4','"Album 4 title"','0'
'5','"Album 5 title"','11'
'6','"Album 6 title"','1'
'7','"Album 7 title"','28'
'8','"Album 8 title"','5'
'9','"Album 9 title"','1'
'10','"Album 10 title"','18'
'11','"Album 11 title"','4'
'12','"Album 12 title"','2'
'13','"Album 13 title"','0'
'14','"Album 14 title"','31'
'15','"Album 15 title"','8'
'16','"Album 16 title"','7'
'17','"Album 17 title"','10'
'18','"Album 18 title"','7'
'19','"Album 19 title"','12'
'20','"Album 20 title"','13'
'21','"Album 21 title"','15'
'22','"Album 22 title"','31'
'23','"Album 23 title"','34'
'24','"Album 24 title"','13'
'25','"Album 25 title"','32'
'26','"Album 26 title"','24'
'27','"Album 27 title"','24'
'28','"Album 28 title"','34'
'29','"Album 29 title"','17'
'30','"Album 30 title"','6'
'31','"Album 31 title"','17'
'32','"Album 32 title"','26'
'33','"Album 33 title"','12'
'34','"Album 34 title"','13'
'35','"Album 35 title"','20'
'36','"Album 36 title"','16'
'37','"Album 37 title"','17'
'38','"Album 38 title"','18'
'39','"Album 39 title"','24'
'40','"Album 40 title"','7'
'41','"Album 41 title"','23'
'42','"Album 42 title"','23'
'43','"Album 43 title"','5'
'44','"Album 44 title"','33'
'45','"Album 45 title"','31'
'46','"Album 46 title"','13'
'47','"Album 47 title"','25'
'48','"Album 48 title"','10'
'49','"Album 49 title"','30'
'50','"Album 50 title"','21'
'51','"Album 51 title"','14'
'52','"Album 52 title"','9'
'53','"Album 53 title"','14'
'54','"Album 54 title"','10'
'55','"Album 55 title"','32'
'56','"Album 56 title"','15'
'57','"Album 57 title"','11'
'58','"Album 58 title"','26'
'59','"Album 59 title"','1'
'60','"Album 60 title"','6'
'61','"Album 61 title"','10'
'62','"Album 62 title"','24'
'63','"Album 63 title"','26'
'64','"Album 64 title"','25'
'65','"Album 65 title"','14'
'66','"Album 66 title"','23'
'67','"Album 67 title"','17'
'68','"Album 68 title"','9'
'69','"Album 69 title"','2'
'70','"Album 70 title"','30'
'71','"Album 71 title"','30'
'72','"Album 72 title"','12'
'73','"Album 73 title"','2'
'74','"Album 74 title"','32'
'75','"Album 75 title"','18'
'76','"Album 76 title"','5'
'77','"Album 77 title"','27'
'78','"Album 78 title"','1'
'79','"Album 79 title"','1'
'80','"Album 80 title"','19'
'81','"Album 81 title"','5'
'82','"Album 82 title"','23'
'83','"Album 83 title"','12'
'84','"Album 84 title"','34'
'85','"Album 85 title"','5'
'86','"Album 86 title"','31'
'87','"Album 87 title"','14'
'88','"Album 88 title"','11'
'89','"Album 89 title"','3'
'90','"Album 90 title"','10'
'91','"Album 91 title"','26'
'92','"Album 92 title"','16'
'93','"Album 93 title"','24'
'94','"Album 94 title"','23'
'95','"Album 95 title"','32'
'96','"Album 96 title"','5'
'97','"Album 97 title"','17'
'98','"Album 98 title"','7'
'99','"Album 99 title"','7'
'100','"Album 100 title"','33'
'101','"Album 101 title"','7'
'102','"Album 102 title"','34'
'103','"Album 103 title"','5'
'104','"Album 104 title"','0'
'105','"Album 105 title"','20'
'106','"Album 106 title"','16'
'107','"Album 107 title"','13'
'108','"Album 108 title"','18'
'109','"Album 109 title"','4'
'110','"Album 110 title"','14'
'111','"Album 111 title"','9'
'112','"Album 112 title"','1'
'113','"Album 113 title"','31'
'114','"Album 114 title"','8'
'115','"Album 115 title"','9'
'116','"Album 116 title"','18'
'117','"Album 117 title"','18'
'118','"Album 118 title"','26'
'119','"Album 119 title"','31'
'120','"Album 120 title"','25'
'121','"Album 121 title"','8'
'122','"Album 122 title"','0'
'123','"Album 123 title"','19'
'124','"Album 124 title"','0'
'125','"Album 125 title"','28'
'126','"Album 126 title"','1'
'127','"Album 127 title"','13'
'128','"Album 128 title"','18'
'129','"Album 129 title"','11'
'130','"Album 130 title"','11'
'131','"Album 131 title"','15'
'132','"Album 132 title"','7'
'133','"Album 133 title"','0'
'134','"Album 134 title"','3'
'135','"Album 135 title"','3'
'136','"Album 136 title"','4'
'137','"Album 137 title"','20'
'138','"Album 138 title"','2'
'139','"Album 139 title"','12'
'140','"Album 140 title"','22'
'141','"Album 141 title"','6'
'142','"Album 142 title"','30'
'143','"Album 143 title"','9'
'144','"Album 144 title"','1'
'145','"Album 145 title"','34'
'146','"Album 146 title"','2'
'147','"Album 147 title"','32'
'148','"Album 148 title"','0'
'149','"Album 149 title"','10'
'150','"Album 150 title"','13'
'151','"Album 151 title"','25'
'152','"Album 152 title"','2'
'153','"Album 153 title"','11'
'154','"Album 154 title"','2'
'155','"Album 155 title"','34'
'156','"Album 156 title"','0'
'157','"Album 157 title"','23'
'158','"Album 158 title"','29'
'159','"Album 159 title"','1'
'160','"Album 160 title"','31'
'161','"Album 161 title"','10'
'162','"Album 162 title"','16'
'163','"Album 163 title"','15'
'164','"Album 164 title"','15'
'165','"Album 165 title"','15'
'166','"Album 166 title"','34'
'167','"Album 167 title"','31'
'168','"Album 168 title"','0'
'169','"Album 169 title"','34'
'170','"Album 170 title"','8'
'171','"Album 171 title"','24'
'172','"Album 172 title"','9'
'173','"Album 173 title"','0'
'174','"Album 174 title"','29'
'175','"Album 175 title"','17'
'176','"Album 176 title"','7'
'177','"Album 177 title"','17'
'178','"Album 178 title"','29'
'179','"Album 179 title"','20'
'180','"Album 180 title"','31'
'181','"Album 181 title"','29'
'182','"Album 182 title"','15'
'183','"Album 183 title"','33'
'184','"Album 184 title"','15'
'185','"Album 185 title"','13'
'186','"Album 186 title"','29'
'187','"Album 187 title"','21'
'188','"Album 188 title"','14'
'189','"Album 189 title"','22'
'190','"Album 190 title"','22'
'191','"Album 191 title"','9'
'192','"Album 192 title"','24'
'193','"Album 193 title"','25'
'194','"Album 194 title"','8'
'195','"Album 195 title"','0'
'196','"Album 196 title"','17'
'197','"Album 197 title"','17'
'198','"Album 198 title"','28'
'199','"Album 199 title"','15'
'200','"Album 200 title"','29'
'201','"Album 201 title"','19'
'202','"Album 202 title"','29'
'203','"Album 203 title"','28'
'204','"Album 204 title"','16'
'205','"Album 205 title"','15'
'206','"Album 206 title"','18'
'207','"Album 207 title"','14'
'208','"Album 208 title"','3'
'209','"Album 209 title"','25'
'210','"Album 210 title"','3'
'211','"Album 211 title"','1'
'212','"Album 212 title"','24'
'213','"Album 213 title"','18'
'214','"Album 214 title"','12'
'215','"Album 215 title"','27'
'216','"Album 216 title"','23'
'217','"Album 217 title"','28'
'218','"Album 218 title"','32'
'219','"Album 219 title"','6'
'220','"Album 220 title"','1'
'221','"Album 221 title"','32'
'222','"Album 222 title"','17'
'223','"Album 223 title"','9'
'224','"Album 224 title"','13'
'225','"Album 225 title"','26'
'226','"Album 226 title"','17'
'227','"Album 227 title"','32'
'228','"Album 228 title"','19'
'229','"Album 229 title"','30'
'230','"Album 230 title"','20'
'231','"Album 231 title"','8'
'232','"Album 232 title"','11'
'233','"Album 233 title"','2'
'234','"Album 234 title"','16'
'235','"Album 235 title"','9'
'236','"Album 236 title"','27'
'237','"Album 237 title"','18'
'238','"Album 238 title"','34'
'239','"Album 239 title"','32'
'240','"Album 240 title"','6'
'241','"Album 241 title"','31'
'242','"Album 242 title"','2'
'243','"Album 243 title"','31'
'244','"Album 244 title"','25'
'245','"Album 245 title"','0'
'246','"Album 246 title"','13'
'247','"Album 247 title"','4'
'248','"Album 248 title"','33'
'249','"Album 249 title"','9'
'250','"Album 250 title"','24'
'251','"Album 251 title"','32'
'252','"Album 252 title"','13'
'253','"Album 253 title"','19'
'254','"Album 254 title"','22'
'255','"Album 255 title"','4'
'256','"Album 256 title"','5'
'257','"Album 257 title"','28'
'258','"Album 258 title"','34'
'259','"Album 259 title"','15'
'260','"Album 260 title"','12'
'261','"Album 261 title"','34'
'262','"Album 262 title"','31'
'263','"Album 263 title"','23'
'264','"Album 264 title"','13'
'265','"Album 265 title"','22'
'266','"Album 266 title"','23'
'267','"Album 267 title"','21'
'268','"Album 268 title"','2'
'269','"Album 269 title"','22'
'270','"Album 270 title"','12'
'271','"Album 271 title"','28'
'272','"Album 272 title"','22'
'273','"Album 273 title"','29'
'274','"Album 274 title"','12'
'275','"Album 275 title"','32'
'276','"Album 276 title"','31'
'277','"Album 277 title"','9'
'278','"Album 278 title"','9'
'279','"Album 279 title"','30'
'280','"Album 280 title"','17'
'281','"Album 281 title"','8'
'282','"Album 282 title"','24'
'283','"Album 283 title"','4'
'284','"Album 284 title"','27'
'285','"Album 285 title"','22'
'286','"Album 286 title"','1'
'287','"Album 287 title"','1'
'288','"Album 288 title"','33'
'289','"Album 289 title"','9'
'290','"Album 290 title"','7'
'291','"Album 291 title"','31'
'292','"Album 292 title"','7'
'293','"Album 293 title"','7'
'294','"Album 294 title"','23'
'295','"Album 295 title"','8'
'296','"Album 296 title"','5'
'297','"Album 297 title"','17'
'298','"Album 298 title"','17'
'299','"Album 299 title"','1'
'300','"Album 300 title"','25'
'301','"Album 301 title"','34'
'302','"Album 302 title"','0'
'303','"Album 303 title"','0'
'304','"Album 304 title"','24'
'305','"Album 305 title"','33'
'306','"Album 306 title"','2'
'307','"Album 307 title"','7'
'308','"Album 308 title"','15'
'309','"Album 309 title"','7'
'310','"Album 310 title"','11'
'311','"Album 311 title"','2'
'312','"Album 312 title"','26'
'313','"Album 313 title"','30'
'314','"Album 314 title"','13'
'315','"Album 315 title"','4'
'316','"Album 316 title"','12'
'317','"Album 317 title"','10'
'318','"Album 318 title"','3'
'319','"Album 319 title"','20'
'320','"Album 320 title"','2'
'321','"Album 321 title"','20'
'322','"Album 322 title"','31'
'323','"Album 323 title"','13'
'324','"Album 324 title"','24'
'325','"Album 325 title"','12'
'326','"Album 326 title"','11'
'327','"Album 327 title"','13'
'328','"Album 328 title"','15'
'329','"Album 329 title"','26'
'330','"Album 330 title"','32'
'331','"Album 331 title"','21'
'332','"Album 332 title"','10'
'333','"Album 333 title"','25'
'334','"Album 334 title"','26'
'335','"Album 335 title"','12'
'336','"Album 336 title"','15'
'337','"Album 337 title"','8'
'338','"Album 338 title"','7'
'339','"Album 339 title"','20'
'340','"Album 340 title"','11'
'341','"Album 341 title"','7'
'342','"Album 342 title"','15'
'343','"Album 343 title"','3'
'344','"Album 344 title"','33'
'345','"Album 345 title"','33'
'346','"Album 346 title"','30'
'347','"Album 347 title"','28'
'348','"Album 348 title"','23'
'349','"Album 349 title"','29'
'350','"Album 350 title"','32'
'351','"Album 351 title"','2'
'352','"Album 352 title"','14'
'353','"Album 353 title"','32'
'354','"Album 354 title"','28'
'355','"Album 355 title"','28'
'356','"Album 356 title"','29'
'357','"Album 357 title"','14'
'358','"Album 358 title"','4'
'359','"Album 359 title"','30'
'360','"Album 360 title"','33'
'361','"Album 361 title"','5'
'362','"Album 362 title"','13'
'363','"Album 363 title"','34'
'364','"Album 364 title"','10'
'365','"Album 365 title"','13'
'366','"Album 366 title"','1'
'367','"Album 367 title"','26'
'368','"Album 368 title"','26'
'369','"Album 369 title"','10'
'370','"Album 370 title"','17'
'371','"Album 371 title"','17'
'372','"Album 372 title"','16'
'373','"Album 373 title"','12'
'374','"Album 374 title"','3'
'375','"Album 375 title"','27'
'376','"Album 376 title"','18'
'377','"Album 377 title"','15'
'378','"Album 378 title"','31'
'379','"Album 379 title"','8'
'380','"Album 380 title"','3'
'381','"Album 381 title"','26'
'382','"Album 382 title"','19'
'383','"Album 383 title"','21'
'384','"Album 384 title"','1'
'385','"Album 385 title"','26'
'386','"Album 386 title"','18'
'387','"Album 387 title"','23'
'388','"Album 388 title"','34'
'389','"Album 389 title"','1'
'390','"Album 390 title"','6'
'391','"Album 391 title"','14'
'392','"Album 392 title"','14'
'393','"Album 393 title"','5'
'394','"Album 394 title"','31'
'395','"Album 395 title"','2'
'396','"Album 396 title"','16'
'397','"Album 397 title"','13'
'398','"Album 398 title"','9'
'399','"Album 399 title"','2'
'400','"Album 400 title"','4'
'401','"Album 401 title"','16'
'402','"Album 402 title"','9'
'403','"Album 403 title"','5'
'404','"Album 404 title"','4'
'405','"Album 405 title"','31'
'406','"Album 406 title"','28'
'407','"Album 407 title"','16'
'408','"Album 408 title"','10'
'409','"Album 409 title"','16'
'410','"Album 410 title"','25'
'411','"Album 411 title"','21'
'412','"Album 412 title"','30'
'413','"Album 413 title"','5'
'414','"Album 414 title"','4'
'415','"Album 415 title"','29'
'416','"Album 416 title"','32'
'417','"Album 417 title"','20'
'418','"Album 418 title"','0'
'419','"Album 419 title"','5'
'420','"Album 420 title"','10'
'421','"Album 421 title"','25'
'422','"Album 422 title"','20'
'423','"Album 423 title"','23'
'424','"Album 424 title"','19'
'425','"Album 425 title"','25'
'426','"Album 426 title"','3'
'427','"Album 427 title"','11'
'428','"Album 428 title"','11'
'429','"Album 429 title"','26'
'430','"Album 430 title"','22'
'431','"Album 431 title"','22'
'432','"Album 432 title"','27'
'433','"Album 433 title"','7'
'434','"Album 434 title"','27'
'435','"Album 435 title"','22'
'436','"Album 436 title"','30'
'437','"Album 437 title"','33'
'438','"Album 438 title"','9'
'439','"Album 439 title"','25'
'440','"Album 440 title"','6'
'441','"Album 441 title"','33'
'442','"Album 442 title"','0'
'443','"Album 443 title"','4'
'444','"Album 444 title"','28'
'445','"Album 445 title"','7'
'446','"Album 446 title"','11'
'447','"Album 447 title"','23'
'448','"Album 448 title"','0'
'449','"Album 449 title"','30'
'450','"Album 450 title"','2'
'451','"Album 451 title"','19'
'452','"Album 452 title"','18'
'453','"Album 453 title"','26'
'454','"Album 454 title"','1'
'455','"Album 455 title"','24'
'456','"Album 456 title"','27'
'457','"Album 457 title"','16'
'458','"Album 458 title"','2'
'459','"Album 459 title"','16'
'460','"Album 460 title"','5'
'461','"Album 461 title"','11'
'462','"Album 462 title"','14'
'463','"Album 463 title"','15'
'464','"Album 464 title"','17'
'465','"Album 465 title"','9'
'466','"Album 466 title"','7'
'467','"Album 467 title"','20'
'468','"Album 468 title"','0'
'469','"Album 469 title"','4'
'470','"Album 470 title"','11'
'471','"Album 471 title"','29'
'472','"Album 472 title"','22'
'473','"Album 473 title"','30'
'474','"Album 474 title"','19'
'475','"Album 475 title"','32'
'476','"Album 476 title"','5'
'477','"Album 477 title"','16'
'478','"Album 478 title"','0'
'479','"Album 479 title"','33'
'480','"Album 480 title"','0'
'481','"Album 481 title"','5'
'482','"Album 482 title"','21'
'483','"Album 483 title"','1'
'484','"Album 484 title"','1'
'485','"Album 485 title"','19'
'486','"Album 486 title"','9'
'487','"Album 487 title"','4'
'488','"Album 488 title"','5'
'489','"Album 489 title"','29'
'490','"Album 490 title"','18'
'491','"Album 491 title"','4'
'492','"Album 492 title"','26'
'493','"Album 493 title"','15'
'494','"Album 494 title"','13'
'495','"Album 495 title"','12'
'496','"Album 496 title"','10'
'497','"Album 497 title"','26'
'498','"Album 498 title"','6'
'499','"Album 499 title"','1'
