':id',':first_name',':last_name'
'0','"Performer 0''s first name "','"Performer 0''s last name "'
'1','"Performer 1''s first name "','"Performer 1''s last name "'
'2','"Performer 2''s first name "','"Performer 2''s last name "'
'3','"Performer 3''s first name "','"Performer 3''s last name "'
'4','"Performer 4''s first name "','"Performer 4''s last name "'
'5','"Performer 5''s first name "','"Performer 5''s last name "'
'6','"Performer 6''s first name "','"Performer 6''s last name "'
'7','"Performer 7''s first name "','"Performer 7''s last name "'
'8','"Performer 8''s first name "','"Performer 8''s last name "'
'9','"Performer 9''s first name "','"Performer 9''s last name "'
'10','"Performer 10''s first name "','"Performer 10''s last name "'
'11','"Performer 11''s first name "','"Performer 11''s last name "'
'12','"Performer 12''s first name "','"Performer 12''s last name "'
'13','"Performer 13''s first name "','"Performer 13''s last name "'
'14','"Performer 14''s first name "','"Performer 14''s last name "'
'15','"Performer 15''s first name "','"Performer 15''s last name "'
'16','"Performer 16''s first name "','"Performer 16''s last name "'
'17','"Performer 17''s first name "','"Performer 17''s last name "'
'18','"Performer 18''s first name "','"Performer 18''s last name "'
'19','"Performer 19''s first name "','"Performer 19''s last name "'
'20','"Performer 20''s first name "','"Performer 20''s last name "'
'21','"Performer 21''s first name "','"Performer 21''s last name "'
'22','"Performer 22''s first name "','"Performer 22''s last name "'
'23','"Performer 23''s first name "','"Performer 23''s last name "'
'24','"Performer 24''s first name "','"Performer 24''s last name "'
'25','"Performer 25''s first name "','"Performer 25''s last name "'
'26','"Performer 26''s first name "','"Performer 26''s last name "'
'27','"Performer 27''s first name "','"Performer 27''s last name "'
'28','"Performer 28''s first name "','"Performer 28''s last name "'
'29','"Performer 29''s first name "','"Performer 29''s last name "'
'30','"Performer 30''s first name "','"Performer 30''s last name "'
'31','"Performer 31''s first name "','"Performer 31''s last name "'
'32','"Performer 32''s first name "','"Performer 32''s last name "'
'33','"Performer 33''s first name "','"Performer 33''s last name "'
'34','"Performer 34''s first name "','"Performer 34''s last name "'
'35','"Performer 35''s first name "','"Performer 35''s last name "'
'36','"Performer 36''s first name "','"Performer 36''s last name "'
'37','"Performer 37''s first name "','"Performer 37''s last name "'
'38','"Performer 38''s first name "','"Performer 38''s last name "'
'39','"Performer 39''s first name "','"Performer 39''s last name "'
'40','"Performer 40''s first name "','"Performer 40''s last name "'
'41','"Performer 41''s first name "','"Performer 41''s last name "'
'42','"Performer 42''s first name "','"Performer 42''s last name "'
'43','"Performer 43''s first name "','"Performer 43''s last name "'
'44','"Performer 44''s first name "','"Performer 44''s last name "'
'45','"Performer 45''s first name "','"Performer 45''s last name "'
'46','"Performer 46''s first name "','"Performer 46''s last name "'
'47','"Performer 47''s first name "','"Performer 47''s last name "'
'48','"Performer 48''s first name "','"Performer 48''s last name "'
'49','"Performer 49''s first name "','"Performer 49''s last name "'
'50','"Performer 50''s first name "','"Performer 50''s last name "'
'51','"Performer 51''s first name "','"Performer 51''s last name "'
'52','"Performer 52''s first name "','"Performer 52''s last name "'
'53','"Performer 53''s first name "','"Performer 53''s last name "'
'54','"Performer 54''s first name "','"Performer 54''s last name "'
